{
    "value0": {
        "T_imu_cam": [
            {
                "px": 0.010699648410081864,
                "py": -0.000010278728950652294,
                "pz": -0.00008654457633383572,
                "qx": 0.004044438434549424,
                "qy": 0.0005541256952414303,
                "qz": 0.9999915534164763,
                "qw": 0.0004780775730036989
            },
            {
                "px": -0.05361580848693848,
                "py": 0.00002121068064298015,
                "pz": 0.0001973352045752108,
                "qx": 0.0005818287404115226,
                "qy": 0.0015997643800086479,
                "qz": 0.9999983425236609,
                "qw": 0.0006458940904617676
            }
        ],
        "intrinsics": [
            {
                "camera_type": "kb4",
                "intrinsics": {
                    "fx": 288.315185546875,
                    "fy": 288.05670166015627,
                    "cx": 415.5491027832031,
                    "cy": 405.43121337890627,
                    "k1": -0.007419249974191189,
                    "k2": 0.03978804126381874,
                    "k3": -0.036877769976854327,
                    "k4": 0.0058674281463027
                }
            },
            {
                "camera_type": "kb4",
                "intrinsics": {
                    "fx": 287.072998046875,
                    "fy": 286.90521240234377,
                    "cx": 419.7738037109375,
                    "cy": 402.1588134765625,
                    "k1": -0.010173140093684197,
                    "k2": 0.048199839890003207,
                    "k3": -0.046216271817684177,
                    "k4": 0.009043850935995579
                }
            }
        ],
        "resolution": [
            [
                848,
                800
            ],
            [
                848,
                800
            ]
        ],
        "calib_accel_bias": [
            -0.033269528299570087,
            0.5054560899734497,
            -0.08905193209648133,
            0.017840862274169923,
            0.0,
            0.0,
            0.029521942138671876,
            0.0,
            0.017744779586791993
        ],
        "calib_gyro_bias": [
            0.00459948880597949,
            0.0010660033440217376,
            -0.0030859732069075109,
            -0.0011540055274963379,
            0.0,
            0.0,
            0.0,
            0.006060123443603516,
            0.0,
            0.0,
            0.0,
            0.0009093284606933594
        ],
        "imu_update_rate": 200.0,
        "accel_noise_std": [
            0.008182447828798795,
            0.008182447828798795,
            0.008182447828798795
        ],
        "gyro_noise_std": [
            0.002268927090244338,
            0.002268927090244338,
            0.002268927090244338
        ],
        "accel_bias_std": [
            0.009999999873689375,
            0.009999999873689375,
            0.009999999873689375
        ],
        "gyro_bias_std": [
            0.0007071067802939111,
            0.0007071067802939111,
            0.0007071067802939111
        ],
        "cam_time_offset_ns": 0,
        "vignette": []
    }
}
